Date,Espa√±a,Colombia,Portugal
2020-01-22 00:00:00+00:00,0.0,0.0,0
2020-01-23 00:00:00+00:00,0.0,0.0,0
2020-01-24 00:00:00+00:00,0.0,0.0,0
2020-01-25 00:00:00+00:00,0.0,0.0,0
2020-01-26 00:00:00+00:00,0.0,0.0,0
2020-01-27 00:00:00+00:00,0.0,0.0,0
2020-01-28 00:00:00+00:00,0.0,0.0,0
2020-01-29 00:00:00+00:00,0.0,0.0,0
2020-01-30 00:00:00+00:00,0.0,0.0,0
2020-01-31 00:00:00+00:00,0.0,0.0,0
2020-02-01 00:00:00+00:00,1.0,0.0,0
2020-02-02 00:00:00+00:00,1.0,0.0,0
2020-02-03 00:00:00+00:00,1.0,0.0,0
2020-02-04 00:00:00+00:00,1.0,0.0,0
2020-02-05 00:00:00+00:00,1.0,0.0,0
2020-02-06 00:00:00+00:00,1.0,0.0,0
2020-02-07 00:00:00+00:00,1.0,0.0,0
2020-02-08 00:00:00+00:00,1.0,0.0,0
2020-02-09 00:00:00+00:00,2.0,0.0,0
2020-02-10 00:00:00+00:00,2.0,0.0,0
2020-02-11 00:00:00+00:00,2.0,0.0,0
2020-02-12 00:00:00+00:00,2.0,0.0,0
2020-02-13 00:00:00+00:00,2.0,0.0,0
2020-02-14 00:00:00+00:00,2.0,0.0,0
2020-02-15 00:00:00+00:00,2.0,0.0,0
2020-02-16 00:00:00+00:00,2.0,0.0,0
2020-02-17 00:00:00+00:00,2.0,0.0,0
2020-02-18 00:00:00+00:00,2.0,0.0,0
2020-02-19 00:00:00+00:00,2.0,0.0,0
2020-02-20 00:00:00+00:00,2.0,0.0,0
2020-02-21 00:00:00+00:00,2.0,0.0,0
2020-02-22 00:00:00+00:00,2.0,0.0,0
2020-02-23 00:00:00+00:00,2.0,0.0,0
2020-02-24 00:00:00+00:00,2.0,0.0,0
2020-02-25 00:00:00+00:00,6.0,0.0,0
2020-02-26 00:00:00+00:00,13.0,0.0,0
2020-02-27 00:00:00+00:00,15.0,0.0,0
2020-02-28 00:00:00+00:00,32.0,0.0,0
2020-02-29 00:00:00+00:00,45.0,0.0,0
2020-03-01 00:00:00+00:00,84.0,0.0,0
2020-03-02 00:00:00+00:00,120.0,0.0,2
2020-03-03 00:00:00+00:00,165.0,0.0,2
2020-03-04 00:00:00+00:00,222.0,0.0,5
2020-03-05 00:00:00+00:00,259.0,0.0,8
2020-03-06 00:00:00+00:00,400.0,1.0,13
2020-03-07 00:00:00+00:00,500.0,1.0,20
2020-03-08 00:00:00+00:00,673.0,1.0,30
2020-03-09 00:00:00+00:00,1073.0,1.0,30
2020-03-10 00:00:00+00:00,1695.0,3.0,41
2020-03-11 00:00:00+00:00,2277.0,9.0,59
2020-03-12 00:00:00+00:00,2277.0,9.0,59
2020-03-13 00:00:00+00:00,5232.0,13.0,112
2020-03-14 00:00:00+00:00,6391.0,22.0,169
2020-03-15 00:00:00+00:00,7798.0,34.0,245
2020-03-16 00:00:00+00:00,9942.0,57.0,331
2020-03-17 00:00:00+00:00,11748.0,75.0,448
2020-03-18 00:00:00+00:00,13910.0,102.0,448
2020-03-19 00:00:00+00:00,17963.0,108.0,785
2020-03-20 00:00:00+00:00,20410.0,158.0,1020
2020-03-21 00:00:00+00:00,25374.0,196.0,1280
2020-03-22 00:00:00+00:00,28768.0,231.0,1600
2020-03-23 00:00:00+00:00,35136.0,277.0,2060
2020-03-24 00:00:00+00:00,39885.0,378.0,2362
2020-03-25 00:00:00+00:00,49515.0,470.0,2995
2020-03-26 00:00:00+00:00,57786.0,491.0,3544
2020-03-27 00:00:00+00:00,65719.0,539.0,4268
2020-03-28 00:00:00+00:00,73235.0,608.0,5170
2020-03-29 00:00:00+00:00,80110.0,702.0,5962
2020-03-30 00:00:00+00:00,87956.0,798.0,6408
2020-03-31 00:00:00+00:00,95923.0,906.0,7443
2020-04-01 00:00:00+00:00,104118.0,1065.0,8251
2020-04-02 00:00:00+00:00,112065.0,1161.0,9034
2020-04-03 00:00:00+00:00,119199.0,1267.0,9886
2020-04-04 00:00:00+00:00,126168.0,1406.0,10524
2020-04-05 00:00:00+00:00,131646.0,1485.0,11278
2020-04-06 00:00:00+00:00,136675.0,1579.0,11730
2020-04-07 00:00:00+00:00,141942.0,1780.0,12442
2020-04-08 00:00:00+00:00,148220.0,2054.0,13141
2020-04-09 00:00:00+00:00,153222.0,2223.0,13956
2020-04-10 00:00:00+00:00,158273.0,2473.0,15472
2020-04-11 00:00:00+00:00,163027.0,2709.0,15987
2020-04-12 00:00:00+00:00,166831.0,2776.0,16585
2020-04-13 00:00:00+00:00,170099.0,2852.0,16934
2020-04-14 00:00:00+00:00,172541.0,2979.0,17448
2020-04-15 00:00:00+00:00,177644.0,3105.0,18091
2020-04-16 00:00:00+00:00,184948.0,3233.0,18841
2020-04-17 00:00:00+00:00,190839.0,3439.0,19022
2020-04-18 00:00:00+00:00,191726.0,3621.0,19685
2020-04-19 00:00:00+00:00,198674.0,3792.0,20206
2020-04-20 00:00:00+00:00,200210.0,3977.0,20863
2020-04-21 00:00:00+00:00,204178.0,4149.0,21379
2020-04-22 00:00:00+00:00,208389.0,4356.0,21982
2020-04-23 00:00:00+00:00,213024.0,4561.0,22353
2020-04-24 00:00:00+00:00,202990.0,4881.0,22797
2020-04-25 00:00:00+00:00,205905.0,5142.0,23392
2020-04-26 00:00:00+00:00,207634.0,5379.0,23864
2020-04-27 00:00:00+00:00,209465.0,5597.0,24027
2020-04-28 00:00:00+00:00,210773.0,5949.0,24322
2020-04-29 00:00:00+00:00,212917.0,6207.0,24505
2020-04-30 00:00:00+00:00,213435.0,6507.0,25045
2020-05-01 00:00:00+00:00,215216.0,7006.0,25351
2020-05-02 00:00:00+00:00,216582.0,7285.0,25190
2020-05-03 00:00:00+00:00,217466.0,7668.0,25282
2020-05-04 00:00:00+00:00,218011.0,7973.0,25524
2020-05-05 00:00:00+00:00,219329.0,8613.0,25702
2020-05-06 00:00:00+00:00,220325.0,8959.0,26182
2020-05-07 00:00:00+00:00,221447.0,9456.0,26715
2020-05-08 00:00:00+00:00,222857.0,10051.0,27268
2020-05-09 00:00:00+00:00,223578.0,10495.0,27406
2020-05-10 00:00:00+00:00,224350.0,11063.0,27581
2020-05-11 00:00:00+00:00,227436.0,11613.0,27679
2020-05-12 00:00:00+00:00,228030.0,12272.0,27913
2020-05-13 00:00:00+00:00,228691.0,12930.0,28132
2020-05-14 00:00:00+00:00,229540.0,13610.0,28319
2020-05-15 00:00:00+00:00,230183.0,14216.0,28583
2020-05-16 00:00:00+00:00,230698.0,14939.0,28810
2020-05-17 00:00:00+00:00,230698.0,15574.0,29036
2020-05-18 00:00:00+00:00,231606.0,16295.0,29209
2020-05-19 00:00:00+00:00,232037.0,16935.0,29432
2020-05-20 00:00:00+00:00,232555.0,17687.0,29660
2020-05-21 00:00:00+00:00,233037.0,18330.0,29912
2020-05-22 00:00:00+00:00,234824.0,19131.0,30200
2020-05-23 00:00:00+00:00,235290.0,20177.0,30471
2020-05-24 00:00:00+00:00,235772.0,21175.0,30623
2020-05-25 00:00:00+00:00,235400.0,21981.0,30788
2020-05-26 00:00:00+00:00,236259.0,23003.0,31007
2020-05-27 00:00:00+00:00,236259.0,24104.0,31292
2020-05-28 00:00:00+00:00,237906.0,25366.0,31596
2020-05-29 00:00:00+00:00,238564.0,26688.0,31946
2020-05-30 00:00:00+00:00,239228.0,28236.0,32203
2020-05-31 00:00:00+00:00,239479.0,29383.0,32500
2020-06-01 00:00:00+00:00,239638.0,30493.0,32700
2020-06-02 00:00:00+00:00,239932.0,31833.0,32895
2020-06-03 00:00:00+00:00,240326.0,33354.0,33261
2020-06-04 00:00:00+00:00,240660.0,35120.0,33592
2020-06-05 00:00:00+00:00,240978.0,36635.0,33969
2020-06-06 00:00:00+00:00,241310.0,38027.0,34351
2020-06-07 00:00:00+00:00,241550.0,39236.0,34693
2020-06-08 00:00:00+00:00,241717.0,40719.0,34885
2020-06-09 00:00:00+00:00,241966.0,42078.0,35306
2020-06-10 00:00:00+00:00,242280.0,43682.0,35600
2020-06-11 00:00:00+00:00,242707.0,45212.0,35910
2020-06-12 00:00:00+00:00,243209.0,46858.0,36180
2020-06-13 00:00:00+00:00,243605.0,48746.0,36463
2020-06-14 00:00:00+00:00,243928.0,50939.0,36690
2020-06-15 00:00:00+00:00,244109.0,53063.0,37036
2020-06-16 00:00:00+00:00,244328.0,54931.0,37336
2020-06-17 00:00:00+00:00,244683.0,57046.0,37672
2020-06-18 00:00:00+00:00,245268.0,60217.0,38089
2020-06-19 00:00:00+00:00,245575.0,63276.0,38464
2020-06-20 00:00:00+00:00,245938.0,65633.0,38841
2020-06-21 00:00:00+00:00,246272.0,68652.0,39133
2020-06-22 00:00:00+00:00,246504.0,71183.0,39392
2020-06-23 00:00:00+00:00,246752.0,73572.0,39737
2020-06-24 00:00:00+00:00,247086.0,77113.0,40104
2020-06-25 00:00:00+00:00,247486.0,80599.0,40415
2020-06-26 00:00:00+00:00,247905.0,84442.0,40866
2020-06-27 00:00:00+00:00,248469.0,88591.0,41189
2020-06-28 00:00:00+00:00,248770.0,91769.0,41646
2020-06-29 00:00:00+00:00,248970.0,95043.0,41912
2020-06-30 00:00:00+00:00,249271.0,97846.0,42141
2020-07-01 00:00:00+00:00,249659.0,102009.0,42454
2020-07-02 00:00:00+00:00,250103.0,106110.0,42782
2020-07-03 00:00:00+00:00,250545.0,109505.0,43156
2020-07-04 00:00:00+00:00,250545.0,113389.0,43569
2020-07-05 00:00:00+00:00,250545.0,117110.0,43897
2020-07-06 00:00:00+00:00,251789.0,120281.0,44129
2020-07-07 00:00:00+00:00,252130.0,124494.0,44416
2020-07-08 00:00:00+00:00,252513.0,128638.0,44859
2020-07-09 00:00:00+00:00,253056.0,133973.0,45277
2020-07-10 00:00:00+00:00,253908.0,140776.0,45679
2020-07-11 00:00:00+00:00,253908.0,145632.0,46221
2020-07-12 00:00:00+00:00,253908.0,150445.0,46512
2020-07-13 00:00:00+00:00,255953.0,154277.0,46818
2020-07-14 00:00:00+00:00,256619.0,159898.0,47051
2020-07-15 00:00:00+00:00,257494.0,165169.0,47426
2020-07-16 00:00:00+00:00,258855.0,173206.0,47765
2020-07-17 00:00:00+00:00,260255.0,182140.0,48077
2020-07-18 00:00:00+00:00,260255.0,190700.0,48390
2020-07-19 00:00:00+00:00,260255.0,197278.0,48636
2020-07-20 00:00:00+00:00,264836.0,204005.0,48771
2020-07-21 00:00:00+00:00,266194.0,211038.0,48898
2020-07-22 00:00:00+00:00,267551.0,218428.0,49150
2020-07-23 00:00:00+00:00,270166.0,226373.0,49379
2020-07-24 00:00:00+00:00,272421.0,233541.0,49692
2020-07-25 00:00:00+00:00,272421.0,240795.0,49955
2020-07-26 00:00:00+00:00,272421.0,248976.0,50164
2020-07-27 00:00:00+00:00,278782.0,257101.0,50299
2020-07-28 00:00:00+00:00,280610.0,267385.0,50410
2020-07-29 00:00:00+00:00,282641.0,276055.0,50613
2020-07-30 00:00:00+00:00,285430.0,286020.0,50868
2020-07-31 00:00:00+00:00,288522.0,295508.0,51072
2020-08-01 00:00:00+00:00,288522.0,306181.0,51310
2020-08-02 00:00:00+00:00,288522.0,317651.0,51463
2020-08-03 00:00:00+00:00,297054.0,327850.0,51569
2020-08-04 00:00:00+00:00,302814.0,334979.0,51681
2020-08-05 00:00:00+00:00,305767.0,345714.0,51848
2020-08-06 00:00:00+00:00,309855.0,357710.0,52061
2020-08-07 00:00:00+00:00,314362.0,367204.0,52351
2020-08-08 00:00:00+00:00,314362.0,376870.0,52537
2020-08-09 00:00:00+00:00,314362.0,387481.0,52668
2020-08-10 00:00:00+00:00,322980.0,397623.0,52825
2020-08-11 00:00:00+00:00,326612.0,410453.0,52945
2020-08-12 00:00:00+00:00,329784.0,422519.0,53223
2020-08-13 00:00:00+00:00,337334.0,433805.0,53548
2020-08-14 00:00:00+00:00,342813.0,445111.0,53783
2020-08-15 00:00:00+00:00,342813.0,456689.0,53981
2020-08-16 00:00:00+00:00,342813.0,468332.0,54102
2020-08-17 00:00:00+00:00,359082.0,476660.0,54234
2020-08-18 00:00:00+00:00,364196.0,489122.0,54448
2020-08-19 00:00:00+00:00,370867.0,502178.0,54701
2020-08-20 00:00:00+00:00,377906.0,513719.0,54992
2020-08-21 00:00:00+00:00,386054.0,522138.0,55211
2020-08-22 00:00:00+00:00,386054.0,533103.0,55452
2020-08-23 00:00:00+00:00,386054.0,541139.0,55597
2020-08-24 00:00:00+00:00,405436.0,551688.0,55720
2020-08-25 00:00:00+00:00,412553.0,562113.0,55912
2020-08-26 00:00:00+00:00,419849.0,572243.0,56274
2020-08-27 00:00:00+00:00,429507.0,581995.0,56673
2020-08-28 00:00:00+00:00,439286.0,590492.0,57074
2020-08-29 00:00:00+00:00,439286.0,599884.0,57448
2020-08-30 00:00:00+00:00,439286.0,607904.0,57768
2020-08-31 00:00:00+00:00,462858.0,615094.0,58012
2020-09-01 00:00:00+00:00,470973.0,624026.0,58243
2020-09-02 00:00:00+00:00,479554.0,633321.0,58633
2020-09-03 00:00:00+00:00,488513.0,641574.0,59051
2020-09-04 00:00:00+00:00,498989.0,650063.0,59457
2020-09-05 00:00:00+00:00,498989.0,658456.0,59943
2020-09-06 00:00:00+00:00,498989.0,666521.0,60258
2020-09-07 00:00:00+00:00,525549.0,671848.0,60507
2020-09-08 00:00:00+00:00,534513.0,679513.0,60895
2020-09-09 00:00:00+00:00,543379.0,686851.0,61541
2020-09-10 00:00:00+00:00,554143.0,694664.0,62126
2020-09-11 00:00:00+00:00,566326.0,702088.0,62813
2020-09-12 00:00:00+00:00,566326.0,708964.0,63310
2020-09-13 00:00:00+00:00,566326.0,716319.0,63983
2020-09-14 00:00:00+00:00,593730.0,721892.0,64596
2020-09-15 00:00:00+00:00,603167.0,728590.0,65021
2020-09-16 00:00:00+00:00,614360.0,736377.0,65626
2020-09-17 00:00:00+00:00,625651.0,743945.0,66396
2020-09-18 00:00:00+00:00,640040.0,750471.0,67176
2020-09-19 00:00:00+00:00,640040.0,758398.0,68025
2020-09-20 00:00:00+00:00,640040.0,765076.0,68577
2020-09-21 00:00:00+00:00,671468.0,770435.0,69200
2020-09-22 00:00:00+00:00,682267.0,777537.0,69663
2020-09-23 00:00:00+00:00,693556.0,784268.0,70465
2020-09-24 00:00:00+00:00,704209.0,790823.0,71156
2020-09-25 00:00:00+00:00,716481.0,798317.0,72055
2020-09-26 00:00:00+00:00,716481.0,806038.0,72939
2020-09-27 00:00:00+00:00,716481.0,813056.0,73604
2020-09-28 00:00:00+00:00,748266.0,818203.0,74029
2020-09-29 00:00:00+00:00,748266.0,824042.0,74717
2020-09-30 00:00:00+00:00,769188.0,829679.0,75542
2020-10-01 00:00:00+00:00,778607.0,835339.0,76396
2020-10-02 00:00:00+00:00,789932.0,841532.0,77284
2020-10-03 00:00:00+00:00,789932.0,848147.0,78247
2020-10-04 00:00:00+00:00,789932.0,855052.0,79151
2020-10-05 00:00:00+00:00,813412.0,862158.0,79885
2020-10-06 00:00:00+00:00,825410.0,869808.0,80312
2020-10-07 00:00:00+00:00,835901.0,877684.0,81256
2020-10-08 00:00:00+00:00,848324.0,886179.0,82534
2020-10-09 00:00:00+00:00,861112.0,894300.0,83928
2020-10-10 00:00:00+00:00,861112.0,902747.0,85574
2020-10-11 00:00:00+00:00,861112.0,911316.0,86664
2020-10-12 00:00:00+00:00,888968.0,919084.0,87913
2020-10-13 00:00:00+00:00,896086.0,924098.0,89121
2020-10-14 00:00:00+00:00,908056.0,930159.0,91193
2020-10-15 00:00:00+00:00,921374.0,936982.0,93294
2020-10-16 00:00:00+00:00,936560.0,945354.0,95902
2020-10-17 00:00:00+00:00,936560.0,952371.0,98055
2020-10-18 00:00:00+00:00,936560.0,959572.0,99911
2020-10-19 00:00:00+00:00,974449.0,965883.0,101860
2020-10-20 00:00:00+00:00,988322.0,974139.0,103736
2020-10-21 00:00:00+00:00,1005295.0,981700.0,106271
2020-10-22 00:00:00+00:00,1026281.0,990373.0,109541
2020-10-23 00:00:00+00:00,1046132.0,998942.0,112440
2020-10-24 00:00:00+00:00,1046132.0,1007711.0,116109
2020-10-25 00:00:00+00:00,1046132.0,1015885.0,118686
2020-10-26 00:00:00+00:00,1098320.0,1025052.0,121133
2020-10-27 00:00:00+00:00,1116738.0,1033218.0,124432
2020-10-28 00:00:00+00:00,1136503.0,1041935.0,128392
2020-10-29 00:00:00+00:00,1160083.0,1053122.0,132616
2020-10-30 00:00:00+00:00,1185678.0,1063151.0,137272
2020-10-31 00:00:00+00:00,1185678.0,1074184.0,141279
2020-11-01 00:00:00+00:00,1185678.0,1083321.0,144341
2020-11-02 00:00:00+00:00,1240697.0,1093256.0,146847
2020-11-03 00:00:00+00:00,1259366.0,1099392.0,149443
2020-11-04 00:00:00+00:00,1284408.0,1108086.0,156940
2020-11-05 00:00:00+00:00,1306316.0,1117977.0,161350
2020-11-06 00:00:00+00:00,1328832.0,1127733.0,166900
2020-11-07 00:00:00+00:00,1328832.0,1136447.0,173540
2020-11-08 00:00:00+00:00,1328832.0,1143887.0,179324
2020-11-09 00:00:00+00:00,1381218.0,1149064.0,183420
2020-11-10 00:00:00+00:00,1381218.0,1155356.0,187237
2020-11-11 00:00:00+00:00,1417709.0,1165326.0,192172
2020-11-12 00:00:00+00:00,1437220.0,1174012.0,198011
2020-11-13 00:00:00+00:00,1458591.0,1182697.0,204664
2020-11-14 00:00:00+00:00,1458591.0,1191634.0,211266
2020-11-15 00:00:00+00:00,1458591.0,1198746.0,217301
2020-11-16 00:00:00+00:00,1496864.0,1205217.0,225672
2020-11-17 00:00:00+00:00,1510023.0,1211128.0,230124
2020-11-18 00:00:00+00:00,1525341.0,1218003.0,236015
2020-11-19 00:00:00+00:00,1541574.0,1225490.0,243009
2020-11-20 00:00:00+00:00,1556730.0,1233444.0,249498
2020-11-21 00:00:00+00:00,1556730.0,1240493.0,255970
2020-11-22 00:00:00+00:00,1556730.0,1248417.0,260758
2020-11-23 00:00:00+00:00,1582616.0,1254979.0,264802
2020-11-24 00:00:00+00:00,1594844.0,1262494.0,268721
2020-11-25 00:00:00+00:00,1605066.0,1270991.0,274011
2020-11-26 00:00:00+00:00,1617355.0,1280487.0,280394
2020-11-27 00:00:00+00:00,1628208.0,1290510.0,285838
2020-11-28 00:00:00+00:00,1628208.0,1299613.0,290706
2020-11-29 00:00:00+00:00,1628208.0,1308376.0,294799
2020-11-30 00:00:00+00:00,1648187.0,1316806.0,298061
2020-12-01 00:00:00+00:00,1656444.0,1324792.0,300462
2020-12-02 00:00:00+00:00,1665775.0,1334089.0,303846
2020-12-03 00:00:00+00:00,1675902.0,1343322.0,307618
2020-12-04 00:00:00+00:00,1684647.0,1352607.0,312553
2020-12-05 00:00:00+00:00,1684647.0,1362249.0,318640
2020-12-06 00:00:00+00:00,1684647.0,1371103.0,322474
2020-12-07 00:00:00+00:00,1702328.0,1377100.0,325071
2020-12-08 00:00:00+00:00,1702328.0,1384610.0,327976
2020-12-09 00:00:00+00:00,1712101.0,1392133.0,332073
2020-12-10 00:00:00+00:00,1720056.0,1399911.0,335207
2020-12-11 00:00:00+00:00,1730575.0,1408909.0,340287
2020-12-12 00:00:00+00:00,1730575.0,1417072.0,344700
2020-12-13 00:00:00+00:00,1730575.0,1425774.0,348744
2020-12-14 00:00:00+00:00,1751884.0,1434516.0,350938
2020-12-15 00:00:00+00:00,1762212.0,1444646.0,353576
2020-12-16 00:00:00+00:00,1773290.0,1456599.0,358296
2020-12-17 00:00:00+00:00,1785421.0,1468795.0,362616
2020-12-18 00:00:00+00:00,1797236.0,1482072.0,366952
2020-12-19 00:00:00+00:00,1797236.0,1496062.0,370787
2020-12-20 00:00:00+00:00,1797236.0,1507222.0,374121
2020-12-21 00:00:00+00:00,1819249.0,1518067.0,376220
2020-12-22 00:00:00+00:00,1829903.0,1530593.0,378656
2020-12-23 00:00:00+00:00,1842289.0,1544826.0,383258
2020-12-24 00:00:00+00:00,1854951.0,1559766.0,387636
2020-12-25 00:00:00+00:00,1854951.0,1574707.0,391782
2020-12-26 00:00:00+00:00,1854951.0,1584903.0,392996
2020-12-27 00:00:00+00:00,1854951.0,1594497.0,394573
2020-12-28 00:00:00+00:00,1879413.0,1603807.0,396666
2020-12-29 00:00:00+00:00,1893502.0,1614822.0,400002
2020-12-30 00:00:00+00:00,1910218.0,1626461.0,406051
2020-12-31 00:00:00+00:00,1928265.0,1642775.0,413678
2021-01-01 00:00:00+00:00,1928265.0,1654880.0,420629
2021-01-02 00:00:00+00:00,1928265.0,1666408.0,423870
2021-01-03 00:00:00+00:00,1928265.0,1675820.0,427254
2021-01-04 00:00:00+00:00,1958844.0,1686131.0,431623
2021-01-05 00:00:00+00:00,1982544.0,1702966.0,436579
2021-01-06 00:00:00+00:00,1982544.0,1719771.0,446606
2021-01-07 00:00:00+00:00,2024904.0,1737347.0,456533
2021-01-08 00:00:00+00:00,2050360.0,1755568.0,466709
2021-01-09 00:00:00+00:00,2050360.0,1771363.0,476187
2021-01-10 00:00:00+00:00,2050360.0,1786900.0,483689
2021-01-11 00:00:00+00:00,2111782.0,1801903.0,489293
2021-01-12 00:00:00+00:00,2137220.0,1816082.0,496552
2021-01-13 00:00:00+00:00,2176089.0,1831980.0,507108
2021-01-14 00:00:00+00:00,2211967.0,1849101.0,517806
2021-01-15 00:00:00+00:00,2252164.0,1870179.0,528469
2021-01-16 00:00:00+00:00,2252164.0,1891034.0,539416
2021-01-17 00:00:00+00:00,2252164.0,1908413.0,549801
2021-01-18 00:00:00+00:00,2336451.0,1923132.0,556503
2021-01-19 00:00:00+00:00,2370742.0,1939071.0,566958
2021-01-20 00:00:00+00:00,2412318.0,1956979.0,581605
2021-01-21 00:00:00+00:00,2456675.0,1972345.0,595149
2021-01-22 00:00:00+00:00,2499560.0,1987418.0,609136
2021-01-23 00:00:00+00:00,2499560.0,2002969.0,624469
2021-01-24 00:00:00+00:00,2499560.0,2015485.0,636190
2021-01-25 00:00:00+00:00,2593382.0,2027746.0,643113
2021-01-26 00:00:00+00:00,2629817.0,2041352.0,653878
2021-01-27 00:00:00+00:00,2670102.0,2055305.0,668951
2021-01-28 00:00:00+00:00,2705001.0,2067575.0,685383
2021-01-29 00:00:00+00:00,2743119.0,2077633.0,698583
2021-01-30 00:00:00+00:00,2743119.0,2086806.0,711018
2021-01-31 00:00:00+00:00,2743119.0,2094884.0,720516
2021-02-01 00:00:00+00:00,2822805.0,2104506.0,726321
2021-02-02 00:00:00+00:00,2851869.0,2114597.0,731861
2021-02-03 00:00:00+00:00,2883465.0,2125622.0,740944
2021-02-04 00:00:00+00:00,2913425.0,2135412.0,748858
2021-02-05 00:00:00+00:00,2941990.0,2142660.0,755774
2021-02-06 00:00:00+00:00,2941990.0,2151207.0,761906
2021-02-07 00:00:00+00:00,2941990.0,2157216.0,765414
2021-02-08 00:00:00+00:00,2989085.0,2161462.0,767919
2021-02-09 00:00:00+00:00,3005487.0,2166904.0,770502
2021-02-10 00:00:00+00:00,3023601.0,2173347.0,774889
2021-02-11 00:00:00+00:00,3041454.0,2179641.0,778369
2021-02-12 00:00:00+00:00,3056035.0,2185169.0,781223
2021-02-13 00:00:00+00:00,3056035.0,2190116.0,784079
2021-02-14 00:00:00+00:00,3056035.0,2195039.0,785756
2021-02-15 00:00:00+00:00,3086286.0,2198549.0,787059
2021-02-16 00:00:00+00:00,3096343.0,2202598.0,788561
2021-02-17 00:00:00+00:00,3107172.0,2207701.0,790885
2021-02-18 00:00:00+00:00,3121687.0,2212525.0,792829
2021-02-19 00:00:00+00:00,3133122.0,2217001.0,794769
2021-02-20 00:00:00+00:00,3133122.0,2222018.0,796339
2021-02-21 00:00:00+00:00,3133122.0,2226262.0,797525
2021-02-22 00:00:00+00:00,3153971.0,2229663.0,798074
2021-02-23 00:00:00+00:00,3161432.0,2233589.0,799106
2021-02-24 00:00:00+00:00,3170644.0,2237542.0,800586
2021-02-25 00:00:00+00:00,3180212.0,2241225.0,801746
2021-02-26 00:00:00+00:00,3188553.0,2244792.0,802773
2021-02-27 00:00:00+00:00,3188553.0,2248135.0,803844
2021-02-28 00:00:00+00:00,3188553.0,2251690.0,804562
2021-03-01 00:00:00+00:00,3204531.0,2255260.0,804956
2021-03-02 00:00:00+00:00,3130184.0,2259599.0,805647
2021-03-03 00:00:00+00:00,3136321.0,2262646.0,806626
2021-03-04 00:00:00+00:00,3142358.0,2266211.0,807456
2021-03-05 00:00:00+00:00,3149012.0,2269582.0,808405
2021-03-06 00:00:00+00:00,3149012.0,2273245.0,809412
2021-03-07 00:00:00+00:00,3149012.0,2276656.0,810094
2021-03-08 00:00:00+00:00,3160970.0,2278861.0,810459
2021-03-09 00:00:00+00:00,3164982.0,2282372.0,811306
2021-03-10 00:00:00+00:00,3172101.0,2285960.0,811948
2021-03-11 00:00:00+00:00,3178356.0,2290539.0,812575
2021-03-12 00:00:00+00:00,3183704.0,2294617.0,813152
2021-03-13 00:00:00+00:00,3183704.0,2299082.0,813716
2021-03-14 00:00:00+00:00,3183704.0,2303144.0,814257
2021-03-15 00:00:00+00:00,3195062.0,2305884.0,814513
2021-03-16 00:00:00+00:00,3200024.0,2309600.0,814897
2021-03-17 00:00:00+00:00,3206116.0,2314154.0,815570
2021-03-18 00:00:00+00:00,3212332.0,2319293.0,816055
2021-03-19 00:00:00+00:00,3212332.0,2324426.0,816623
2021-03-20 00:00:00+00:00,3212332.0,2331187.0,817080
2021-03-21 00:00:00+00:00,3212332.0,2337230.0,817530
2021-03-22 00:00:00+00:00,3228803.0,2342278.0,817778
2021-03-23 00:00:00+00:00,3234319.0,2347224.0,818212
2021-03-24 00:00:00+00:00,3234319.0,2353210.0,818787
2021-03-25 00:00:00+00:00,3247738.0,2359942.0,819210
2021-03-26 00:00:00+00:00,3255324.0,2367337.0,819698
2021-03-27 00:00:00+00:00,3255324.0,2375591.0,820042
2021-03-28 00:00:00+00:00,3255324.0,2382730.0,820407
2021-03-29 00:00:00+00:00,3270825.0,2389779.0,820716
2021-03-30 00:00:00+00:00,3275819.0,2397731.0,821104
2021-03-31 00:00:00+00:00,3284353.0,2406377.0,821722
2021-04-01 00:00:00+00:00,3291394.0,2417826.0,822314
2021-04-02 00:00:00+00:00,3291394.0,2428048.0,822862
2021-04-03 00:00:00+00:00,3300965.0,2437197.0,823142
2021-04-04 00:00:00+00:00,3300965.0,2446219.0,823335
2021-04-05 00:00:00+00:00,3311325.0,2456409.0,823494
2021-04-06 00:00:00+00:00,3317948.0,2468236.0,824368
2021-04-07 00:00:00+00:00,3326736.0,2479617.0,825031
2021-04-08 00:00:00+00:00,3336637.0,2492081.0,825633
2021-04-09 00:00:00+00:00,3347512.0,2504206.0,826327
2021-04-10 00:00:00+00:00,3347512.0,2518715.0,826928
2021-04-11 00:00:00+00:00,3347512.0,2536198.0,827494
2021-04-12 00:00:00+00:00,3370256.0,2552937.0,827765
2021-04-13 00:00:00+00:00,3376548.0,2569314.0,828173
2021-04-14 00:00:00+00:00,3387022.0,2585801.0,828857
2021-04-15 00:00:00+00:00,3396685.0,2602719.0,829358
2021-04-16 00:00:00+00:00,3407283.0,2619422.0,829911
2021-04-17 00:00:00+00:00,3407283.0,2636076.0,830560
2021-04-18 00:00:00+00:00,3407283.0,2652947.0,831001
2021-04-19 00:00:00+00:00,3428354.0,2667136.0,831221
2021-04-20 00:00:00+00:00,3428354.0,2684101.0,831645
2021-04-21 00:00:00+00:00,3446072.0,2701313.0,832255
2021-04-22 00:00:00+00:00,3456886.0,2720619.0,832891
2021-04-23 00:00:00+00:00,3468617.0,2740544.0,833397
2021-04-24 00:00:00+00:00,3468617.0,2757274.0,833964
2021-04-25 00:00:00+00:00,3468617.0,2774464.0,834442
2021-04-26 00:00:00+00:00,3488469.0,2787303.0,834638
2021-04-27 00:00:00+00:00,3496134.0,2804881.0,834991
2021-04-28 00:00:00+00:00,3504799.0,2824626.0,835563
2021-04-29 00:00:00+00:00,3514942.0,2841934.0,836033
2021-04-30 00:00:00+00:00,3524077.0,2859724.0,836493
2021-05-01 00:00:00+00:00,3524077.0,2877746.0,836947
2021-05-02 00:00:00+00:00,3524077.0,2893655.0,837277
2021-05-03 00:00:00+00:00,3540430.0,2905254.0,837457
2021-05-04 00:00:00+00:00,3544945.0,2919805.0,837715
2021-05-05 00:00:00+00:00,3551262.0,2934611.0,838102
2021-05-06 00:00:00+00:00,3559222.0,2951101.0,838475
2021-05-07 00:00:00+00:00,3567408.0,2968626.0,838852
2021-05-08 00:00:00+00:00,3567408.0,2985536.0,839258
2021-05-09 00:00:00+00:00,3567408.0,3002758.0,839582
2021-05-10 00:00:00+00:00,3581392.0,3015301.0,839740
2021-05-11 00:00:00+00:00,3586333.0,3031726.0,840008
2021-05-12 00:00:00+00:00,3592751.0,3048719.0,840493
2021-05-13 00:00:00+00:00,3598452.0,3067879.0,840929
2021-05-14 00:00:00+00:00,3604799.0,3084460.0,841379
2021-05-15 00:00:00+00:00,3604799.0,3103333.0,841848
2021-05-16 00:00:00+00:00,3604799.0,3118426.0,842182
2021-05-17 00:00:00+00:00,3615860.0,3131410.0,842381
2021-05-18 00:00:00+00:00,3619848.0,3144547.0,842767
2021-05-19 00:00:00+00:00,3625928.0,3161126.0,843278
2021-05-20 00:00:00+00:00,3631661.0,3177212.0,843729
2021-05-21 00:00:00+00:00,3636453.0,3192050.0,844288
2021-05-22 00:00:00+00:00,3636453.0,3210787.0,844811
2021-05-23 00:00:00+00:00,3636453.0,3232456.0,845224
2021-05-24 00:00:00+00:00,3647520.0,3249433.0,845465
2021-05-25 00:00:00+00:00,3652879.0,3270614.0,845840
2021-05-26 00:00:00+00:00,3657886.0,3294101.0,846434
2021-05-27 00:00:00+00:00,3663176.0,3319193.0,847006
2021-05-28 00:00:00+00:00,3668658.0,3342567.0,847604
2021-05-29 00:00:00+00:00,3668658.0,3363061.0,848213
2021-05-30 00:00:00+00:00,3668658.0,3383279.0,848658
2021-05-31 00:00:00+00:00,3678390.0,3406456.0,849093
2021-06-01 00:00:00+00:00,3682778.0,3432422.0,849538
2021-06-02 00:00:00+00:00,3687762.0,3459422.0,850262
2021-06-03 00:00:00+00:00,3693012.0,3488046.0,851031
2021-06-04 00:00:00+00:00,3697981.0,3518046.0,851461
2021-06-05 00:00:00+00:00,3697981.0,3547017.0,852034
2021-06-06 00:00:00+00:00,3697981.0,3571067.0,852646
2021-06-07 00:00:00+00:00,3707523.0,3593016.0,853034
2021-06-08 00:00:00+00:00,3711027.0,3611602.0,853632
2021-06-09 00:00:00+00:00,3715454.0,3633481.0,854522
2021-06-10 00:00:00+00:00,3729458.0,3665137.0,855432
2021-06-11 00:00:00+00:00,3733600.0,3694707.0,855951
2021-06-12 00:00:00+00:00,3733600.0,3724705.0,856740
2021-06-13 00:00:00+00:00,3733600.0,3753224.0,857447
2021-06-14 00:00:00+00:00,3741767.0,3777600.0,858072
2021-06-15 00:00:00+00:00,3745199.0,3802052.0,859045
2021-06-16 00:00:00+00:00,3749031.0,3829879.0,860395
2021-06-17 00:00:00+00:00,3753228.0,3859824.0,861628
2021-06-18 00:00:00+00:00,3757442.0,3888614.0,862926
2021-06-19 00:00:00+00:00,3757442.0,3917348.0,864109
2021-06-20 00:00:00+00:00,3757442.0,3945166.0,865050
2021-06-21 00:00:00+00:00,3764651.0,3968405.0,865806
2021-06-22 00:00:00+00:00,3768691.0,3997021.0,866826
2021-06-23 00:00:00+00:00,3773032.0,4027016.0,868323
2021-06-24 00:00:00+00:00,3777539.0,4060013.0,869879
2021-06-25 00:00:00+00:00,3782463.0,4092746.0,871483
2021-06-26 00:00:00+00:00,3782463.0,4126340.0,873051
2021-06-27 00:00:00+00:00,3782463.0,4158716.0,874547
2021-06-28 00:00:00+00:00,3792642.0,4187194.0,875449
2021-06-29 00:00:00+00:00,3799733.0,4213074.0,877195
2021-06-30 00:00:00+00:00,3808960.0,4240982.0,879557
2021-07-01 00:00:00+00:00,3821305.0,4269297.0,882006
2021-07-02 00:00:00+00:00,3833868.0,4297302.0,884442
2021-07-03 00:00:00+00:00,3833868.0,4324230.0,887047
2021-07-04 00:00:00+00:00,3833868.0,4350495.0,889088
2021-07-05 00:00:00+00:00,3866475.0,4375861.0,890571
2021-07-06 00:00:00+00:00,3880612.0,4402582.0,892741
2021-07-07 00:00:00+00:00,3897996.0,4426811.0,896026
2021-07-08 00:00:00+00:00,3915313.0,4450086.0,899295
2021-07-09 00:00:00+00:00,3937192.0,4471622.0,902489
2021-07-10 00:00:00+00:00,3937192.0,4492537.0,905651
2021-07-11 00:00:00+00:00,3937192.0,4511960.0,907974
2021-07-12 00:00:00+00:00,3971124.0,4530610.0,909756
2021-07-13 00:00:00+00:00,4015084.0,4548142.0,912406
2021-07-14 00:00:00+00:00,4041474.0,4565372.0,916559
2021-07-15 00:00:00+00:00,4069162.0,4583442.0,920200
2021-07-16 00:00:00+00:00,4100222.0,4601335.0,923747
2021-07-17 00:00:00+00:00,4100222.0,4621260.0,927424
2021-07-18 00:00:00+00:00,4100222.0,4639466.0,930685
2021-07-19 00:00:00+00:00,4161850.0,4655921.0,932540
2021-07-20 00:00:00+00:00,4189136.0,4668750.0,935246
2021-07-21 00:00:00+00:00,4219723.0,4679994.0,939622
2021-07-22 00:00:00+00:00,4249258.0,4692570.0,943244
2021-07-23 00:00:00+00:00,4280429.0,4705734.0,947038
2021-07-24 00:00:00+00:00,4280429.0,4716798.0,950434
2021-07-25 00:00:00+00:00,4280429.0,4727846.0,953059
2021-07-26 00:00:00+00:00,4342054.0,4736349.0,954669
2021-07-27 00:00:00+00:00,4368453.0,4747775.0,956985
2021-07-28 00:00:00+00:00,4395602.0,4757139.0,960437
2021-07-29 00:00:00+00:00,4422291.0,4766829.0,963446
2021-07-30 00:00:00+00:00,4447044.0,4776291.0,966041
2021-07-31 00:00:00+00:00,4447044.0,4785320.0,968631
2021-08-01 00:00:00+00:00,4447044.0,4794414.0,970937
2021-08-02 00:00:00+00:00,4502983.0,4801050.0,972127
2021-08-03 00:00:00+00:00,4523310.0,4807979.0,974203
2021-08-04 00:00:00+00:00,4545184.0,4815063.0,977406
2021-08-05 00:00:00+00:00,4566571.0,4821603.0,979987
2021-08-06 00:00:00+00:00,4588132.0,4828583.0,982364
2021-08-07 00:00:00+00:00,4588132.0,4834634.0,984985
2021-08-08 00:00:00+00:00,4588132.0,4838984.0,986967
2021-08-09 00:00:00+00:00,4627770.0,4843007.0,988061
2021-08-10 00:00:00+00:00,4643450.0,4846955.0,990293
2021-08-11 00:00:00+00:00,4660473.0,4852323.0,993241
2021-08-12 00:00:00+00:00,4677883.0,4856595.0,995949
2021-08-13 00:00:00+00:00,4693540.0,4860622.0,998547
2021-08-14 00:00:00+00:00,4693540.0,4864629.0,1001118
2021-08-15 00:00:00+00:00,4693540.0,4867761.0,1003335
2021-08-16 00:00:00+00:00,4719266.0,4870922.0,1004470
2021-08-17 00:00:00+00:00,4733602.0,4874169.0,1006588
2021-08-18 00:00:00+00:00,4745558.0,4877323.0,1009571
2021-08-19 00:00:00+00:00,4758003.0,4880516.0,1012125
2021-08-20 00:00:00+00:00,4770453.0,4883932.0,1014632
2021-08-21 00:00:00+00:00,4770453.0,4886897.0,1017308
2021-08-22 00:00:00+00:00,4770453.0,4889537.0,1019420
2021-08-23 00:00:00+00:00,4794352.0,4892235.0,1020546
2021-08-24 00:00:00+00:00,4804424.0,4894702.0,1022807
2021-08-25 00:00:00+00:00,4815205.0,4897150.0,1025869
2021-08-26 00:00:00+00:00,4822320.0,4899085.0,1028421
2021-08-27 00:00:00+00:00,4831809.0,4901163.0,1030791
2021-08-28 00:00:00+00:00,4831809.0,4903304.0,1033165
2021-08-29 00:00:00+00:00,4831809.0,4905258.0,1034947
2021-08-30 00:00:00+00:00,4847298.0,4907264.0,1036019
2021-08-31 00:00:00+00:00,4855065.0,4909086.0,1037927
2021-09-01 00:00:00+00:00,4861883.0,4911082.0,1039492
2021-09-02 00:00:00+00:00,4871444.0,4913031.0,1042322
2021-09-03 00:00:00+00:00,4877755.0,4914881.0,1044144
2021-09-04 00:00:00+00:00,4877755.0,4916980.0,1045857
2021-09-05 00:00:00+00:00,4877755.0,4918649.0,1047047
2021-09-06 00:00:00+00:00,4887112.0,4919773.0,1047710
2021-09-07 00:00:00+00:00,4892640.0,4921410.0,1048941
2021-09-08 00:00:00+00:00,4898258.0,4923197.0,1050719
2021-09-09 00:00:00+00:00,4903021.0,4925000.0,1052127
2021-09-10 00:00:00+00:00,4907461.0,4926772.0,1053450
2021-09-11 00:00:00+00:00,4907461.0,4928578.0,1054673
2021-09-12 00:00:00+00:00,4907461.0,4930249.0,1055584
2021-09-13 00:00:00+00:00,4915265.0,4931563.0,1056042
2021-09-14 00:00:00+00:00,4918526.0,4932998.0,1057100
2021-09-15 00:00:00+00:00,4922249.0,4934568.0,1058347
2021-09-16 00:00:00+00:00,4926324.0,4936052.0,1059409
2021-09-17 00:00:00+00:00,4929546.0,4937596.0,1060432
2021-09-18 00:00:00+00:00,4929546.0,4939251.0,1061371
2021-09-19 00:00:00+00:00,4929546.0,4941064.0,1062048
2021-09-20 00:00:00+00:00,4935534.0,4942249.0,1062320
2021-09-21 00:00:00+00:00,4937984.0,4943622.0,1063100
2021-09-22 00:00:00+00:00,4940824.0,4945203.0,1063991
2021-09-23 00:00:00+00:00,4943855.0,4946811.0,1064876
2021-09-24 00:00:00+00:00,4946601.0,4948513.0,1065633
2021-09-25 00:00:00+00:00,4946601.0,4950253.0,1066346
2021-09-26 00:00:00+00:00,4946601.0,4951675.0,1066945
2021-09-27 00:00:00+00:00,4951640.0,4952690.0,1067175
2021-09-28 00:00:00+00:00,4953930.0,4954376.0,1067775
2021-09-29 00:00:00+00:00,4956691.0,4955848.0,1068530
2021-09-30 00:00:00+00:00,4959091.0,4957277.0,1069279
2021-10-01 00:00:00+00:00,4961128.0,4959144.0,1069975
2021-10-02 00:00:00+00:00,4961128.0,4960641.0,1070665
2021-10-03 00:00:00+00:00,4961128.0,4962054.0,1071114
2021-10-04 00:00:00+00:00,4965399.0,4963243.0,1071307
2021-10-05 00:00:00+00:00,4967200.0,4964454.0,1072037
2021-10-06 00:00:00+00:00,4969503.0,4965847.0,1072537
2021-10-07 00:00:00+00:00,4971310.0,4967524.0,1073268
2021-10-08 00:00:00+00:00,4973619.0,4969131.0,1074109
2021-10-09 00:00:00+00:00,4973619.0,4970718.0,1074813
2021-10-10 00:00:00+00:00,4973619.0,4972236.0,1075312
2021-10-11 00:00:00+00:00,4977448.0,4973325.0,1075639
2021-10-12 00:00:00+00:00,4977448.0,4974400.0,1076358
2021-10-13 00:00:00+00:00,4980206.0,4975656.0,1077186
2021-10-14 00:00:00+00:00,4982138.0,4977043.0,1077963
2021-10-15 00:00:00+00:00,4984386.0,4978689.0,1078729
2021-10-16 00:00:00+00:00,4984386.0,4980233.0,1079341
2021-10-17 00:00:00+00:00,4984386.0,4981532.0,1079806
2021-10-18 00:00:00+00:00,4988878.0,4982575.0,1080097
2021-10-19 00:00:00+00:00,4990767.0,4983527.0,1080929
2021-10-20 00:00:00+00:00,4993295.0,4984751.0,1081856
2021-10-21 00:00:00+00:00,4995176.0,4986249.0,1082721
2021-10-22 00:00:00+00:00,4997732.0,4988021.0,1083651
2021-10-23 00:00:00+00:00,4997732.0,4989681.0,1084534
2021-10-24 00:00:00+00:00,4997732.0,4991050.0,1085138
2021-10-25 00:00:00+00:00,5002217.0,4992586.0,1085451
2021-10-26 00:00:00+00:00,5004143.0,4994014.0,1086280
2021-10-27 00:00:00+00:00,5006675.0,4995694.0,1087245
2021-10-28 00:00:00+00:00,5008887.0,4997444.0,1088133
2021-10-29 00:00:00+00:00,5011148.0,4999048.0,1088977
2021-10-30 00:00:00+00:00,5011148.0,5000677.0,1089888
2021-10-31 00:00:00+00:00,5011148.0,5002387.0,1090651
2021-11-01 00:00:00+00:00,5011148.0,5003977.0,1091142
2021-11-02 00:00:00+00:00,5016968.0,5005402.0,1091592
2021-11-03 00:00:00+00:00,5019255.0,5007099.0,1092666
2021-11-04 00:00:00+00:00,5022546.0,5009007.0,1094048
2021-11-05 00:00:00+00:00,5025639.0,5010982.0,1095337
2021-11-06 00:00:00+00:00,5025639.0,5012981.0,1096534
2021-11-07 00:00:00+00:00,5025639.0,5015042.0,1097557
2021-11-08 00:00:00+00:00,5032056.0,5016959.0,1098125
2021-11-09 00:00:00+00:00,5032056.0,5019158.0,1099307
2021-11-10 00:00:00+00:00,5038517.0,5021619.0,1100961
2021-11-11 00:00:00+00:00,5042803.0,5024263.0,1102438
2021-11-12 00:00:00+00:00,5047156.0,5026822.0,1104189
2021-11-13 00:00:00+00:00,5047156.0,5029335.0,1106005
2021-11-14 00:00:00+00:00,5047156.0,5031945.0,1107488
2021-11-15 00:00:00+00:00,5056954.0,5034266.0,1108462
2021-11-16 00:00:00+00:00,5061045.0,5036287.0,1110155
2021-11-17 00:00:00+00:00,5067712.0,5038544.0,1112682
2021-11-18 00:00:00+00:00,5074027.0,5040665.0,1115080
2021-11-19 00:00:00+00:00,5080663.0,5042822.0,1117451
2021-11-20 00:00:00+00:00,5080663.0,5045412.0,1119784
2021-11-21 00:00:00+00:00,5080663.0,5048061.0,1122283
2021-11-22 00:00:00+00:00,5096538.0,5050255.0,1123758
2021-11-23 00:00:00+00:00,5103315.0,5052733.0,1126318
2021-11-24 00:00:00+00:00,5111842.0,5055253.0,1130091
2021-11-25 00:00:00+00:00,5121100.0,5057897.0,1133241
2021-11-26 00:00:00+00:00,5131012.0,5060557.0,1136446
2021-11-27 00:00:00+00:00,5131012.0,5063177.0,1139810
2021-11-28 00:00:00+00:00,5131012.0,5065373.0,1142707
2021-11-29 00:00:00+00:00,5153923.0,5067348.0,1144342
2021-11-30 00:00:00+00:00,5164184.0,5069644.0,1147249
2021-12-01 00:00:00+00:00,5174720.0,5071817.0,1151919
2021-12-02 00:00:00+00:00,5189220.0,5074079.0,1154817
2021-12-03 00:00:00+00:00,5202958.0,5076378.0,1157352
2021-12-04 00:00:00+00:00,5202958.0,5078987.0,1163001
2021-12-05 00:00:00+00:00,5202958.0,5081064.0,1166787
2021-12-06 00:00:00+00:00,5202958.0,5082762.0,1169003
2021-12-07 00:00:00+00:00,5246766.0,5084466.0,1172420
2021-12-08 00:00:00+00:00,5246766.0,5086381.0,1177706
2021-12-09 00:00:00+00:00,5273178.0,5088008.0,1181294
2021-12-10 00:00:00+00:00,5290273.0,5089695.0,1185036
2021-12-11 00:00:00+00:00,5290190.0,5091508.0,1190409
2021-12-12 00:00:00+00:00,5290190.0,5093534.0,1194288
2021-12-13 00:00:00+00:00,5339992.0,5095821.0,1196602
2021-12-14 00:00:00+00:00,5366128.0,5097680.0,1200193
2021-12-15 00:00:00+00:00,5393268.0,5099746.0,1205993
2021-12-16 00:00:00+00:00,5422168.0,5101466.0,1211130
2021-12-17 00:00:00+00:00,5455527.0,5103269.0,1215774
2021-12-18 00:00:00+00:00,5455527.0,5105285.0,1220836
2021-12-19 00:00:00+00:00,5455527.0,5107323.0,1225102
2021-12-20 00:00:00+00:00,5535231.0,5109022.0,1227854
2021-12-21 00:00:00+00:00,5585054.0,5110788.0,1233608
2021-12-22 00:00:00+00:00,5645095.0,5112719.0,1242545
2021-12-23 00:00:00+00:00,5718007.0,5115194.0,1253094
2021-12-24 00:00:00+00:00,5718007.0,5118254.0,1266037
2021-12-25 00:00:00+00:00,5718007.0,5121668.0,1276053
2021-12-26 00:00:00+00:00,5718007.0,5124690.0,1279785
2021-12-27 00:00:00+00:00,5932626.0,5127971.0,1286119
2021-12-28 00:00:00+00:00,6032297.0,5132277.0,1303291
2021-12-29 00:00:00+00:00,6133057.0,5138603.0,1330158
2021-12-30 00:00:00+00:00,6294745.0,5147039.0,1358817
2021-12-31 00:00:00+00:00,6294745.0,5157440.0,1389646
2022-01-01 00:00:00+00:00,6294745.0,5169855.0,1412936
2022-01-02 00:00:00+00:00,6294745.0,5181173.0,1424016
2022-01-03 00:00:00+00:00,6667511.0,5191021.0,1434570
2022-01-04 00:00:00+00:00,6785286.0,5203374.0,1460406
2022-01-05 00:00:00+00:00,6922466.0,5219633.0,1499976
2022-01-06 00:00:00+00:00,6922466.0,5242672.0,1539050
2022-01-07 00:00:00+00:00,7164906.0,5268862.0,1577784
2022-01-08 00:00:00+00:00,7164906.0,5300032.0,1613427
2022-01-09 00:00:00+00:00,7164906.0,5330662.0,1639846
2022-01-10 00:00:00+00:00,7457300.0,5357767.0,1660058
2022-01-11 00:00:00+00:00,7592242.0,5380841.0,1693398
2022-01-12 00:00:00+00:00,7771367.0,5410698.0,1734343
2022-01-13 00:00:00+00:00,7930528.0,5440981.0,1774477
2022-01-14 00:00:00+00:00,8093036.0,5475904.0,1814567
2022-01-15 00:00:00+00:00,8093036.0,5511479.0,1852703
2022-01-16 00:00:00+00:00,8093036.0,5543796.0,1884974
2022-01-17 00:00:00+00:00,8424503.0,5568068.0,1906891
2022-01-18 00:00:00+00:00,8518975.0,5596917.0,1950620
2022-01-19 00:00:00+00:00,8676916.0,5624520.0,2003169
2022-01-20 00:00:00+00:00,8834363.0,5655026.0,2059595
2022-01-21 00:00:00+00:00,8975458.0,5686065.0,2118125
2022-01-22 00:00:00+00:00,8975458.0,5714092.0,2176256
2022-01-23 00:00:00+00:00,8975458.0,5740179.0,2221825
2022-01-24 00:00:00+00:00,9280890.0,5761398.0,2254583
2022-01-25 00:00:00+00:00,9395767.0,5780910.0,2312240
2022-01-26 00:00:00+00:00,9529320.0,5798799.0,2377818
2022-01-27 00:00:00+00:00,9660208.0,5816462.0,2443524
2022-01-28 00:00:00+00:00,9779130.0,5837408.0,2507357
2022-01-29 00:00:00+00:00,9779130.0,5855858.0,2566551
2022-01-30 00:00:00+00:00,9779130.0,5871977.0,2611886
2022-01-31 00:00:00+00:00,9961253.0,5887261.0,2639802
2022-02-01 00:00:00+00:00,10039126.0,5901715.0,2690690
2022-02-02 00:00:00+00:00,10125348.0,5916825.0,2745383
2022-02-03 00:00:00+00:00,10199716.0,5930393.0,2795830
2022-02-04 00:00:00+00:00,10199716.0,5943783.0,2843029
2022-02-05 00:00:00+00:00,10199716.0,5956350.0,2884540
2022-02-06 00:00:00+00:00,10199716.0,5966706.0,2915971
2022-02-07 00:00:00+00:00,10395471.0,5975786.0,2932990
2022-02-08 00:00:00+00:00,10439302.0,5985516.0,2963747
2022-02-09 00:00:00+00:00,10502141.0,5994301.0,2997770
2022-02-10 00:00:00+00:00,10555196.0,6002570.0,3025421
2022-02-11 00:00:00+00:00,10604200.0,6007991.0,3049692
2022-02-12 00:00:00+00:00,10604200.0,6014563.0,3069128
2022-02-13 00:00:00+00:00,10604200.0,6020095.0,3085260
2022-02-14 00:00:00+00:00,10672906.0,6023257.0,3093723
2022-02-15 00:00:00+00:00,10707286.0,6026988.0,3111858
2022-02-16 00:00:00+00:00,10744394.0,6031130.0,3131899
2022-02-17 00:00:00+00:00,10778607.0,6035143.0,3148387
2022-02-18 00:00:00+00:00,10809222.0,6039163.0,3163869
2022-02-19 00:00:00+00:00,10809222.0,6043661.0,3178029
2022-02-20 00:00:00+00:00,10809222.0,6047042.0,3187389
2022-02-21 00:00:00+00:00,10858000.0,6049952.0,3193178
2022-02-22 00:00:00+00:00,10880193.0,6052126.0,3206281
2022-02-23 00:00:00+00:00,10914105.0,6054307.0,3219439
2022-02-24 00:00:00+00:00,10949997.0,6056556.0,3231075
2022-02-25 00:00:00+00:00,10977524.0,6058715.0,3241451
2022-02-26 00:00:00+00:00,10977524.0,6060793.0,3251302
2022-02-27 00:00:00+00:00,10977524.0,6062701.0,3258409
2022-02-28 00:00:00+00:00,10977524.0,6064583.0,3262618
2022-03-01 00:00:00+00:00,11036085.0,6065801.0,3273624
2022-03-02 00:00:00+00:00,11054888.0,6067023.0,3282457
2022-03-03 00:00:00+00:00,11078028.0,6068074.0,3294691
2022-03-04 00:00:00+00:00,11100428.0,6069425.0,3308438
2022-03-05 00:00:00+00:00,11100428.0,6070616.0,3322134
2022-03-06 00:00:00+00:00,11100428.0,6071704.0,3332200
2022-03-07 00:00:00+00:00,11136425.0,6072656.0,3337806
2022-03-08 00:00:00+00:00,11159574.0,6073416.0,3352874
2022-03-09 00:00:00+00:00,11181510.0,6074155.0,3367469
2022-03-10 00:00:00+00:00,11204125.0,6074874.0,3380263
2022-03-11 00:00:00+00:00,11223974.0,6075656.0,3380263
2022-03-12 00:00:00+00:00,11223974.0,6076333.0,3380263
2022-03-13 00:00:00+00:00,11223974.0,6076819.0,3380263
2022-03-14 00:00:00+00:00,11223974.0,6077288.0,3413013
2022-03-15 00:00:00+00:00,11260040.0,6077861.0,3413013
2022-03-16 00:00:00+00:00,11260040.0,6078487.0,3413013
2022-03-17 00:00:00+00:00,11260040.0,6079231.0,3413013
2022-03-18 00:00:00+00:00,11324637.0,6079896.0,3458727
2022-03-19 00:00:00+00:00,11324637.0,6080589.0,3458727
2022-03-20 00:00:00+00:00,11324637.0,6081131.0,3458727
2022-03-21 00:00:00+00:00,11324637.0,6081639.0,3458727
2022-03-22 00:00:00+00:00,11378784.0,6081933.0,3458727
2022-03-23 00:00:00+00:00,11378784.0,6082226.0,3458727
2022-03-24 00:00:00+00:00,11378784.0,6082577.0,3458727
2022-03-25 00:00:00+00:00,11451676.0,6082943.0,3534003
2022-03-26 00:00:00+00:00,11451676.0,6083291.0,3534003
2022-03-27 00:00:00+00:00,11451676.0,6083643.0,3534003
2022-03-28 00:00:00+00:00,11451676.0,6083939.0,3534003
2022-03-29 00:00:00+00:00,11508309.0,6084240.0,3534003
2022-03-30 00:00:00+00:00,11508309.0,6084551.0,3534003
2022-03-31 00:00:00+00:00,11508309.0,6084916.0,3588776
2022-04-01 00:00:00+00:00,11551574.0,6085270.0,3604114
2022-04-02 00:00:00+00:00,11551574.0,6085618.0,3604114
2022-04-03 00:00:00+00:00,11551574.0,6085926.0,3604114
2022-04-04 00:00:00+00:00,11551574.0,6086233.0,3609846
2022-04-05 00:00:00+00:00,,,3609846
